year,viajeros_total,pernoc_total,estancia_media_total
2022,49491328,153195377,2.7358238003106004
2023,55010381,167780805,2.75098824037869
2024,57050931,176034360,2.7904843212747523
